{"cameraMode":{"drawMode":0,"name":"Shaded","section":"Shading Mode"},"sceneLighting":true,"audioPlay":false,"sceneViewState":{"showFog":true,"showMaterialUpdate":true,"showSkybox":true,"showFlares":true,"showImageEffects":true,"showParticleSystems":true},"in2DMode":false,"pivot":{"x":-56.6383056640625,"y":-0.8644504547119141,"z":7.740035057067871},"rotation":{"x":-0.2824036478996277,"y":0.3750762939453125,"z":-0.12108732014894486,"w":-0.8746287822723389},"size":7.436059474945068,"orthographic":false}