{"cameraMode":{"drawMode":0,"name":"Shaded","section":"Shading Mode"},"sceneLighting":true,"audioPlay":false,"sceneViewState":{"showFog":true,"showMaterialUpdate":true,"showSkybox":true,"showFlares":true,"showImageEffects":true,"showParticleSystems":true},"in2DMode":false,"pivot":{"x":-61.83183288574219,"y":9.581275939941407,"z":5.313847064971924},"rotation":{"x":-0.05683499574661255,"y":-0.920207142829895,"z":-0.14576956629753114,"w":0.35881638526916506},"size":5.21854305267334,"orthographic":false}