{"cameraMode":{"drawMode":0,"name":"Shaded","section":"Shading Mode"},"sceneLighting":false,"audioPlay":false,"sceneViewState":{"showFog":true,"showMaterialUpdate":true,"showSkybox":true,"showFlares":true,"showImageEffects":true,"showParticleSystems":true},"in2DMode":false,"pivot":{"x":0.23862409591674806,"y":-87.75080871582031,"z":-108.56331634521485},"rotation":{"x":0.007501836866140366,"y":0.935587465763092,"z":-0.3524899184703827,"w":0.01993684656918049},"size":153.33108520507813,"orthographic":false}