{"cameraMode":{"drawMode":0,"name":"Shaded","section":"Shading Mode"},"sceneLighting":true,"audioPlay":false,"sceneViewState":{"showFog":true,"showMaterialUpdate":true,"showSkybox":true,"showFlares":true,"showImageEffects":true,"showParticleSystems":true},"in2DMode":false,"pivot":{"x":-39.497711181640628,"y":-0.7731504440307617,"z":-6.873359680175781},"rotation":{"x":0.06391207873821259,"y":-0.9321791529655457,"z":0.29234641790390017,"w":0.20384441316127778},"size":22.0,"orthographic":false}