{"cameraMode":{"drawMode":0,"name":"Shaded","section":"Shading Mode"},"sceneLighting":true,"audioPlay":false,"sceneViewState":{"showFog":true,"showMaterialUpdate":true,"showSkybox":true,"showFlares":true,"showImageEffects":true,"showParticleSystems":true},"in2DMode":false,"pivot":{"x":-36.17263412475586,"y":4.989234924316406,"z":-19.313697814941408},"rotation":{"x":0.16817153990268708,"y":0.3550548255443573,"z":-0.06508488208055496,"w":0.9173382520675659},"size":22.0,"orthographic":false}