{"cameraMode":{"drawMode":0,"name":"Shaded","section":"Shading Mode"},"sceneLighting":false,"audioPlay":false,"sceneViewState":{"showFog":true,"showMaterialUpdate":true,"showSkybox":false,"showFlares":true,"showImageEffects":true,"showParticleSystems":true},"in2DMode":false,"pivot":{"x":4.964779853820801,"y":-5.426288604736328,"z":1.5417606830596924},"rotation":{"x":-0.3451330363750458,"y":-0.2632480263710022,"z":0.10153966397047043,"w":-0.8951781988143921},"size":24.79854965209961,"orthographic":false}