{"cameraMode":{"drawMode":0,"name":"Shaded","section":"Shading Mode"},"sceneLighting":false,"audioPlay":false,"sceneViewState":{"showFog":true,"showMaterialUpdate":true,"showSkybox":true,"showFlares":true,"showImageEffects":true,"showParticleSystems":true},"in2DMode":false,"pivot":{"x":-6.949999809265137,"y":5.801457405090332,"z":-7.413480281829834},"rotation":{"x":-0.07708592712879181,"y":0.9214078783988953,"z":-0.2954667806625366,"w":-0.2403816133737564},"size":4.976974010467529,"orthographic":false}