{"cameraMode":{"drawMode":0,"name":"Shaded","section":"Shading Mode"},"sceneLighting":true,"audioPlay":false,"sceneViewState":{"showFog":true,"showMaterialUpdate":true,"showSkybox":true,"showFlares":true,"showImageEffects":true,"showParticleSystems":true},"in2DMode":false,"pivot":{"x":-59.423789978027347,"y":13.528542518615723,"z":-1.689339518547058},"rotation":{"x":-0.00023076104116626084,"y":0.7497243285179138,"z":-0.00020989445329178125,"w":-0.6617985963821411},"size":20.8967227935791,"orthographic":false}