{"cameraMode":{"drawMode":0,"name":"Shaded","section":"Shading Mode"},"sceneLighting":true,"audioPlay":false,"sceneViewState":{"showFog":true,"showMaterialUpdate":true,"showSkybox":true,"showFlares":true,"showImageEffects":true,"showParticleSystems":true},"in2DMode":false,"pivot":{"x":-44.35556411743164,"y":1.0259015560150147,"z":-7.225020408630371},"rotation":{"x":-0.20424506068229676,"y":0.17204312980175019,"z":-0.03652052953839302,"w":-0.963010311126709},"size":22.0,"orthographic":false}