{"cameraMode":{"drawMode":0,"name":"Shaded","section":"Shading Mode"},"sceneLighting":true,"audioPlay":false,"sceneViewState":{"showFog":true,"showMaterialUpdate":true,"showSkybox":true,"showFlares":true,"showImageEffects":true,"showParticleSystems":true},"in2DMode":false,"pivot":{"x":-35.79030990600586,"y":-0.6307010650634766,"z":-8.869515419006348},"rotation":{"x":-0.1073717325925827,"y":0.8905860185623169,"z":-0.34317901730537417,"w":-0.2785983383655548},"size":19.359865188598634,"orthographic":false}