{"cameraMode":{"drawMode":0,"name":"Shaded","section":"Shading Mode"},"sceneLighting":false,"audioPlay":false,"sceneViewState":{"showFog":true,"showMaterialUpdate":true,"showSkybox":true,"showFlares":true,"showImageEffects":true,"showParticleSystems":true},"in2DMode":false,"pivot":{"x":-0.25924062728881838,"y":0.44171905517578127,"z":-0.18979120254516602},"rotation":{"x":-0.0924454927444458,"y":0.9057430028915405,"z":-0.2607537508010864,"w":-0.3211052119731903},"size":3.7303507328033449,"orthographic":false}