{"cameraMode":{"drawMode":0,"name":"Shaded","section":"Shading Mode"},"sceneLighting":true,"audioPlay":false,"sceneViewState":{"showFog":true,"showMaterialUpdate":true,"showSkybox":true,"showFlares":true,"showImageEffects":true,"showParticleSystems":true},"in2DMode":false,"pivot":{"x":-56.3051872253418,"y":1.174690842628479,"z":9.982932090759278},"rotation":{"x":-0.10951920598745346,"y":0.8820561170578003,"z":-0.2524937093257904,"w":-0.38250115513801577},"size":2.2153265476226808,"orthographic":false}