{"cameraMode":{"drawMode":0,"name":"Shaded","section":"Shading Mode"},"sceneLighting":true,"audioPlay":false,"sceneViewState":{"showFog":true,"showMaterialUpdate":true,"showSkybox":false,"showFlares":true,"showImageEffects":true,"showParticleSystems":true},"in2DMode":false,"pivot":{"x":-49.05921936035156,"y":17.254688262939454,"z":-4.6951165199279789},"rotation":{"x":0.030847005546092988,"y":0.698451817035675,"z":0.030212659388780595,"w":-0.7144005298614502},"size":8.632245063781739,"orthographic":false}