{"cameraMode":{"drawMode":0,"name":"Shaded","section":"Shading Mode"},"sceneLighting":true,"audioPlay":false,"sceneViewState":{"showFog":true,"showMaterialUpdate":true,"showSkybox":true,"showFlares":true,"showImageEffects":true,"showParticleSystems":true},"in2DMode":false,"pivot":{"x":-9.097075462341309,"y":-50.21470642089844,"z":16.8388729095459},"rotation":{"x":-0.3725675046443939,"y":-0.3921118676662445,"z":0.1777316927909851,"w":-0.8221498131752014},"size":76.01593017578125,"orthographic":false}