{"cameraMode":{"drawMode":0,"name":"Shaded","section":"Shading Mode"},"sceneLighting":true,"audioPlay":false,"sceneViewState":{"showFog":true,"showMaterialUpdate":true,"showSkybox":true,"showFlares":true,"showImageEffects":true,"showParticleSystems":true},"in2DMode":false,"pivot":{"x":-33.714080810546878,"y":3.1343905925750734,"z":1.1117305755615235},"rotation":{"x":0.013866160064935685,"y":-0.9715701937675476,"z":0.0588519461452961,"w":0.22891999781131745},"size":22.0,"orthographic":false}