{"cameraMode":{"drawMode":0,"name":"Shaded","section":"Shading Mode"},"sceneLighting":true,"audioPlay":false,"sceneViewState":{"showFog":true,"showMaterialUpdate":true,"showSkybox":true,"showFlares":true,"showImageEffects":true,"showParticleSystems":true},"in2DMode":false,"pivot":{"x":-44.459999084472659,"y":5.5,"z":0.6100001335144043},"rotation":{"x":0.051897261291742328,"y":-0.19105039536952973,"z":0.010114694014191628,"w":0.9801661968231201},"size":34.32667922973633,"orthographic":false}