{"cameraMode":{"drawMode":0,"name":"Shaded","section":"Shading Mode"},"sceneLighting":true,"audioPlay":false,"sceneViewState":{"showFog":true,"showMaterialUpdate":true,"showSkybox":true,"showFlares":true,"showImageEffects":true,"showParticleSystems":true},"in2DMode":false,"pivot":{"x":-45.54522705078125,"y":14.90063762664795,"z":29.731224060058595},"rotation":{"x":0.00033249679836444557,"y":-0.9929561018943787,"z":0.11861991137266159,"w":0.002764069940894842},"size":3.1587560176849367,"orthographic":false}