{"cameraMode":{"drawMode":0,"name":"Shaded","section":"Shading Mode"},"sceneLighting":false,"audioPlay":false,"sceneViewState":{"showFog":true,"showMaterialUpdate":true,"showSkybox":false,"showFlares":true,"showImageEffects":true,"showParticleSystems":true},"in2DMode":false,"pivot":{"x":-51.76283645629883,"y":6.901191711425781,"z":-69.9801025390625},"rotation":{"x":0.037545111030340198,"y":0.8879333734512329,"z":-0.45250609517097475,"w":0.07369676232337952},"size":61.94390869140625,"orthographic":false}