{"cameraMode":{"drawMode":0,"name":"Shaded","section":"Shading Mode"},"sceneLighting":false,"audioPlay":false,"sceneViewState":{"showFog":true,"showMaterialUpdate":true,"showSkybox":true,"showFlares":true,"showImageEffects":true,"showParticleSystems":true},"in2DMode":false,"pivot":{"x":-0.43728208541870119,"y":1.8125972747802735,"z":1.6774873733520508},"rotation":{"x":0.09542465955018997,"y":0.904569149017334,"z":-0.2960655093193054,"w":0.2915576696395874},"size":12.584931373596192,"orthographic":false}