{"cameraMode":{"drawMode":0,"name":"Shaded","section":"Shading Mode"},"sceneLighting":true,"audioPlay":false,"sceneViewState":{"showFog":true,"showMaterialUpdate":true,"showSkybox":true,"showFlares":true,"showImageEffects":true,"showParticleSystems":true},"in2DMode":false,"pivot":{"x":-47.8305778503418,"y":11.839446067810059,"z":3.3261024951934816},"rotation":{"x":0.4445650577545166,"y":-0.40168046951293948,"z":0.23314359784126283,"w":0.7659367918968201},"size":2.8846728801727297,"orthographic":false}