{"cameraMode":{"drawMode":0,"name":"Shaded","section":"Shading Mode"},"sceneLighting":true,"audioPlay":false,"sceneViewState":{"showFog":true,"showMaterialUpdate":true,"showSkybox":true,"showFlares":true,"showImageEffects":true,"showParticleSystems":true},"in2DMode":false,"pivot":{"x":2.5366642475128176,"y":16.863113403320314,"z":9.964956283569336},"rotation":{"x":-0.06257718801498413,"y":0.9156185984611511,"z":-0.15698575973510743,"w":-0.36485332250595095},"size":6.437901020050049,"orthographic":false}