{"cameraMode":{"drawMode":0,"name":"Shaded","section":"Shading Mode"},"sceneLighting":true,"audioPlay":false,"sceneViewState":{"showFog":true,"showMaterialUpdate":true,"showSkybox":true,"showFlares":true,"showImageEffects":true,"showParticleSystems":true},"in2DMode":false,"pivot":{"x":-22.827219009399415,"y":14.868846893310547,"z":29.924579620361329},"rotation":{"x":0.023252977058291436,"y":0.9123126864433289,"z":-0.4055675268173218,"w":0.05236043781042099},"size":2.8846728801727297,"orthographic":false}