{"cameraMode":{"drawMode":0,"name":"Shaded","section":"Shading Mode"},"sceneLighting":true,"audioPlay":false,"sceneViewState":{"showFog":true,"showMaterialUpdate":true,"showSkybox":true,"showFlares":true,"showImageEffects":true,"showParticleSystems":true},"in2DMode":false,"pivot":{"x":-65.33753967285156,"y":-2.6534135341644289,"z":5.752678394317627},"rotation":{"x":-0.10409910976886749,"y":0.6464965343475342,"z":-0.08964354544878006,"w":-0.7504735589027405},"size":12.627889633178711,"orthographic":false}