{"cameraMode":{"drawMode":0,"name":"Shaded","section":"Shading Mode"},"sceneLighting":true,"audioPlay":false,"sceneViewState":{"showFog":true,"showMaterialUpdate":true,"showSkybox":true,"showFlares":true,"showImageEffects":true,"showParticleSystems":true},"in2DMode":false,"pivot":{"x":-52.19755935668945,"y":3.446042537689209,"z":6.737190246582031},"rotation":{"x":0.39883825182914736,"y":-0.42343786358833315,"z":0.21530432999134065,"w":0.7843937277793884},"size":2.8846728801727297,"orthographic":false}