{"cameraMode":{"drawMode":0,"name":"Shaded","section":"Shading Mode"},"sceneLighting":false,"audioPlay":false,"sceneViewState":{"showFog":true,"showMaterialUpdate":true,"showSkybox":true,"showFlares":true,"showImageEffects":true,"showParticleSystems":true},"in2DMode":false,"pivot":{"x":-20.464353561401368,"y":0.7507972717285156,"z":-21.946884155273439},"rotation":{"x":0.0033320554066449405,"y":0.9920663237571716,"z":0.026981359347701074,"w":-0.12284211814403534},"size":56.236366271972659,"orthographic":false}