{"cameraMode":{"drawMode":0,"name":"Shaded","section":"Shading Mode"},"sceneLighting":true,"audioPlay":false,"sceneViewState":{"showFog":true,"showMaterialUpdate":true,"showSkybox":true,"showFlares":true,"showImageEffects":true,"showParticleSystems":true},"in2DMode":false,"pivot":{"x":42.11506271362305,"y":47.12343978881836,"z":-78.58993530273438},"rotation":{"x":-0.32771438360214236,"y":-0.07576298713684082,"z":0.026375556364655496,"w":-0.9413800835609436},"size":17.742534637451173,"orthographic":false}