{"cameraMode":{"drawMode":0,"name":"Shaded","section":"Shading Mode"},"sceneLighting":false,"audioPlay":false,"sceneViewState":{"showFog":true,"showMaterialUpdate":true,"showSkybox":true,"showFlares":true,"showImageEffects":true,"showParticleSystems":true},"in2DMode":false,"pivot":{"x":-13.660116195678711,"y":6.576694488525391,"z":1.4672269821166993},"rotation":{"x":0.05761440098285675,"y":0.9413090944290161,"z":-0.257285475730896,"w":0.21079406142234803},"size":12.584931373596192,"orthographic":false}