{"cameraMode":{"drawMode":0,"name":"Shaded","section":"Shading Mode"},"sceneLighting":false,"audioPlay":false,"sceneViewState":{"showFog":true,"showMaterialUpdate":true,"showSkybox":true,"showFlares":true,"showImageEffects":true,"showParticleSystems":true},"in2DMode":false,"pivot":{"x":0.03415679931640625,"y":4.127728462219238,"z":-4.060087203979492},"rotation":{"x":-0.08427634090185166,"y":0.9154897928237915,"z":-0.28953152894973757,"w":-0.2664199769496918},"size":24.05904769897461,"orthographic":false}