{"cameraMode":{"drawMode":0,"name":"Shaded","section":"Shading Mode"},"sceneLighting":true,"audioPlay":false,"sceneViewState":{"showFog":true,"showMaterialUpdate":true,"showSkybox":true,"showFlares":true,"showImageEffects":true,"showParticleSystems":true},"in2DMode":false,"pivot":{"x":-60.186153411865237,"y":17.18150520324707,"z":-5.711935043334961},"rotation":{"x":-0.13310253620147706,"y":-0.8667719960212708,"z":0.3311106264591217,"w":-0.34842854738235476},"size":3.1587560176849367,"orthographic":false}