{"cameraMode":{"drawMode":0,"name":"Shaded","section":"Shading Mode"},"sceneLighting":true,"audioPlay":false,"sceneViewState":{"showFog":true,"showMaterialUpdate":true,"showSkybox":true,"showFlares":true,"showImageEffects":true,"showParticleSystems":true},"in2DMode":false,"pivot":{"x":-54.361080169677737,"y":0.6083071827888489,"z":4.6852498054504398},"rotation":{"x":-0.1951376497745514,"y":0.40241482853889468,"z":-0.0881977528333664,"w":-0.8900824785232544},"size":1.6153266429901124,"orthographic":false}