{"cameraMode":{"drawMode":0,"name":"Shaded","section":"Shading Mode"},"sceneLighting":false,"audioPlay":false,"sceneViewState":{"showFog":true,"showMaterialUpdate":true,"showSkybox":true,"showFlares":true,"showImageEffects":true,"showParticleSystems":true},"in2DMode":false,"pivot":{"x":5.008184909820557,"y":11.235673904418946,"z":-1.0034124851226807},"rotation":{"x":-0.1832505166530609,"y":0.8013250231742859,"z":-0.3055700659751892,"w":-0.48055320978164675},"size":1.7667458057403565,"orthographic":false}