{"cameraMode":{"drawMode":0,"name":"Shaded","section":"Shading Mode"},"sceneLighting":true,"audioPlay":false,"sceneViewState":{"showFog":true,"showMaterialUpdate":true,"showSkybox":true,"showFlares":true,"showImageEffects":true,"showParticleSystems":true},"in2DMode":false,"pivot":{"x":-36.347984313964847,"y":4.489954471588135,"z":4.293766021728516},"rotation":{"x":0.15144257247447968,"y":-0.5701782703399658,"z":0.10784289240837097,"w":0.8002579808235169},"size":7.424951076507568,"orthographic":false}