{"cameraMode":{"drawMode":0,"name":"Shaded","section":"Shading Mode"},"sceneLighting":true,"audioPlay":false,"sceneViewState":{"showFog":true,"showMaterialUpdate":true,"showSkybox":true,"showFlares":true,"showImageEffects":true,"showParticleSystems":true},"in2DMode":false,"pivot":{"x":-36.48360061645508,"y":12.075677871704102,"z":-12.68807601928711},"rotation":{"x":-0.06350535899400711,"y":0.9354670643806458,"z":-0.26747918128967287,"w":-0.2220967561006546},"size":3.1587560176849367,"orthographic":false}