{"cameraMode":{"drawMode":0,"name":"Shaded","section":"Shading Mode"},"sceneLighting":false,"audioPlay":false,"sceneViewState":{"showFog":true,"showMaterialUpdate":true,"showSkybox":true,"showFlares":true,"showImageEffects":true,"showParticleSystems":true},"in2DMode":false,"pivot":{"x":-5.44718599319458,"y":3.7764434814453127,"z":-6.118391990661621},"rotation":{"x":-0.0867944210767746,"y":0.8903820514678955,"z":-0.40384116768836977,"w":-0.19135849177837373},"size":15.234735488891602,"orthographic":false}