{"cameraMode":{"drawMode":0,"name":"Shaded","section":"Shading Mode"},"sceneLighting":true,"audioPlay":false,"sceneViewState":{"showFog":true,"showMaterialUpdate":true,"showSkybox":true,"showFlares":true,"showImageEffects":true,"showParticleSystems":true},"in2DMode":false,"pivot":{"x":-115.72724914550781,"y":-3.6107614040374758,"z":13.964010238647461},"rotation":{"x":0.18406976759433747,"y":-0.6669301390647888,"z":0.17529334127902986,"w":0.7004517316818237},"size":20.89672088623047,"orthographic":false}